"a","count"
"http://es.dbpedia.org/property/pieFoto",1
"http://es.dbpedia.org/property/almamáter",2142
"http://es.dbpedia.org/property/lugarMuerte",9
"http://es.dbpedia.org/property/sitioInternet",1
"http://es.dbpedia.org/property/fortuna",44
"http://es.dbpedia.org/property/cupación",2
"http://es.dbpedia.org/property/ideología",5
"http://es.dbpedia.org/property/líder",1
"http://dbpedia.org/property/knownFor",2
"http://es.dbpedia.org/property/wikidata",15
"http://es.dbpedia.org/property/acusaciones",3
"http://es.dbpedia.org/property/fórmula",73
"http://dbpedia.org/ontology/president",3
"http://es.dbpedia.org/property/ciudadanía",15
"http://es.dbpedia.org/property/ministroRelExt",1
"http://es.dbpedia.org/property/abr",1
"http://es.dbpedia.org/property/escud",1
"http://es.dbpedia.org/property/3pp",4
"http://es.dbpedia.org/property/urlCapítulo",1
"http://es.dbpedia.org/property/área",31
"http://es.dbpedia.org/property/portal",3
"http://es.dbpedia.org/property/birthPlace",7
"http://es.dbpedia.org/property/situaciónSentimental",1
"http://es.dbpedia.org/property/premiosAtv",1
"http://es.dbpedia.org/property/conyuge",60
"http://es.dbpedia.org/property/sig",5
"http://es.dbpedia.org/property/tituloNobiliario",1
"http://es.dbpedia.org/property/legenda",2
"http://es.dbpedia.org/property/congbio",1
"http://es.dbpedia.org/property/wikisource",2
"http://es.dbpedia.org/property/predecesor7;_",1
"http://es.dbpedia.org/property/webPage",2
"http://dbpedia.org/property/before",3
"http://es.dbpedia.org/property/fechaarchivo",32
"http://dbpedia.org/property/title",19
"http://es.dbpedia.org/property/float",2
"http://es.dbpedia.org/property/instituciónDeTrabajo",2
"http://es.dbpedia.org/property/hijosDeSuPrimerMatrimonioConLaSeñoraBertaEstherBaptista",1
"http://es.dbpedia.org/property/tamano",2
"http://es.dbpedia.org/property/authorformat",1
"http://es.dbpedia.org/property/religión",255
"http://es.dbpedia.org/property/editor3First",5
"http://dbpedia.org/ontology/wikiPageRedirects",16
"http://es.dbpedia.org/property/antecesor",9
"http://es.dbpedia.org/property/predecessor",2
"http://es.dbpedia.org/property/1namedata",2
"http://es.dbpedia.org/property/este",1
"http://es.dbpedia.org/property/archiveDate",1
"http://dbpedia.org/property/successor",15
"http://es.dbpedia.org/property/id",282
"http://es.dbpedia.org/property/enthroned",1
"http://es.dbpedia.org/property/lbl",2
"http://es.dbpedia.org/property/capítulo",311
"http://es.dbpedia.org/property/name",40
"http://es.dbpedia.org/property/sitioWeb",120
"http://es.dbpedia.org/property/creación",2
"http://es.dbpedia.org/property/lingua",1
"http://es.dbpedia.org/property/link",7
"http://es.dbpedia.org/property/eduacación",1
"http://es.dbpedia.org/property/votosEmitidos",7
"http://es.dbpedia.org/property/capítuloTrad",1
"http://es.dbpedia.org/property/gobernador",373
"http://es.dbpedia.org/property/firma",993
"http://es.dbpedia.org/property/votos",19
"http://es.dbpedia.org/property/commons",2
"http://es.dbpedia.org/property/díaCreado",4
"http://es.dbpedia.org/property/successor",3
"http://es.dbpedia.org/property/nombreCorrecto",1
"http://es.dbpedia.org/property/pieDeFoto",11
"http://es.dbpedia.org/property/presbiteradoPor",1
"http://es.dbpedia.org/property/sitioRedesSociales",1
"http://es.dbpedia.org/property/presidencia",1
"http://es.dbpedia.org/property/vicerectordocente",2
"http://es.dbpedia.org/property/salario",17
"http://es.dbpedia.org/property/derogación",3
"http://dbpedia.org/property/float",1
"http://es.dbpedia.org/property/imagenes",1
"http://es.dbpedia.org/property/chapter",3
"http://es.dbpedia.org/property/colorTexto",3
"http://es.dbpedia.org/property/escudo2puta",1
"http://es.dbpedia.org/property/pronunciación",1
"http://es.dbpedia.org/property/intendente",3
"http://es.dbpedia.org/property/fechaDeLaMuerte",2
"http://es.dbpedia.org/property/distrto",1
"http://es.dbpedia.org/property/lugarNac",5
"http://es.dbpedia.org/property/vástago",1
"http://es.dbpedia.org/property/noprescript",1
"http://es.dbpedia.org/property/lema",2
"http://es.dbpedia.org/property/equipo",4
"http://es.dbpedia.org/property/magazine",1
"http://es.dbpedia.org/property/colorBarras",3
"http://es.dbpedia.org/property/bsize",1
"http://es.dbpedia.org/property/fechamurte",1
"http://es.dbpedia.org/property/periodical",3
"http://es.dbpedia.org/property/canciller",128
"http://es.dbpedia.org/property/nome",3
"http://es.dbpedia.org/property/peso",6
"http://es.dbpedia.org/property/alamáter",1
"http://es.dbpedia.org/property/booktitle",1
"http://es.dbpedia.org/property/startpage",2
"http://es.dbpedia.org/property/primeraDama",2
"http://www.w3.org/ns/prov#wasDerivedFrom",23700
"http://es.dbpedia.org/property/video",3
"http://es.dbpedia.org/property/primero",2
"http://es.dbpedia.org/property/otrosnombres",7
"http://es.dbpedia.org/property/condena",27
"http://es.dbpedia.org/property/afi",3
"http://es.dbpedia.org/property/webSite",1
"http://es.dbpedia.org/property/honorificPrefix",1
"http://es.dbpedia.org/property/conocido",26
"http://es.dbpedia.org/property/tamimagen",1
"http://es.dbpedia.org/property/label4Size",1
"http://es.dbpedia.org/property/añoRetiro",3
"http://es.dbpedia.org/property/otrosPremios",12
"http://es.dbpedia.org/property/partidPolítico",1
"http://es.dbpedia.org/property/primeraaparicion",3
"http://es.dbpedia.org/property/comuna",1
"http://es.dbpedia.org/property/foto",174
"http://es.dbpedia.org/property/poles",2
"http://es.dbpedia.org/property/twiter",1
"http://es.dbpedia.org/property/imagenTexto",1
"http://es.dbpedia.org/property/fechafall",1
"http://es.dbpedia.org/property/president",4
"http://es.dbpedia.org/property/issn",277
"http://es.dbpedia.org/property/antencesor",1
"http://es.dbpedia.org/property/tamañoimagen",10
"http://dbpedia.org/property/id",1
"http://es.dbpedia.org/property/titulo",19
"http://es.dbpedia.org/property/resultado",1
"http://es.dbpedia.org/property/order",4
"http://es.dbpedia.org/property/distrit",1
"http://es.dbpedia.org/property/texto",110
"http://es.dbpedia.org/property/familia",22
"http://es.dbpedia.org/property/cy",3
"http://dbpedia.org/ontology/termPeriod",23
"http://es.dbpedia.org/property/via",3
"http://es.dbpedia.org/property/gradoAcadémico",1
"http://es.dbpedia.org/property/mostrarEscaños",1
"http://dbpedia.org/ontology/imdbId",1
"http://es.dbpedia.org/property/location",86
"http://dbpedia.org/property/primeminister",1
"http://es.dbpedia.org/property/voy",1
"http://es.dbpedia.org/property/art",1
"http://es.dbpedia.org/property/lugarPublicación",11
"http://es.dbpedia.org/property/deadUrl",1
"http://es.dbpedia.org/property/nombreNativo",49
"http://es.dbpedia.org/property/inicioMandato",14
"http://es.dbpedia.org/property/profesion",9
"http://es.dbpedia.org/property/residenciá",1
"http://dbpedia.org/ontology/office",4
"http://es.dbpedia.org/property/lugar",109
"http://es.dbpedia.org/property/vicepresidente",847
"http://es.dbpedia.org/property/editor3Last",6
"http://es.dbpedia.org/property/nationality",2
"http://es.dbpedia.org/property/nombreNacimiento",5
"http://es.dbpedia.org/property/muerte",3
"http://es.dbpedia.org/property/servicio",1
"http://es.dbpedia.org/property/hangul",51
"http://es.dbpedia.org/property/libro",1
"http://es.dbpedia.org/property/urlarchivo",532
"http://es.dbpedia.org/property/perfilDeEstherCuestaSantanaUmassAmherst",1
"http://es.dbpedia.org/property/clases",1
"http://es.dbpedia.org/property/enlaceautor",995
"http://dbpedia.org/property/s",1
"http://es.dbpedia.org/property/gobierno",3
"http://es.dbpedia.org/property/source",9
"http://es.dbpedia.org/property/hijastro",1
"http://es.dbpedia.org/property/quote",11
"http://es.dbpedia.org/property/empresa",7
"http://dbpedia.org/property/sSearch",1
"http://es.dbpedia.org/property/tíos",1
"http://es.dbpedia.org/property/bando",1
"http://dbpedia.org/ontology/country",121
"http://es.dbpedia.org/property/teniente",53
"http://es.dbpedia.org/property/para",1
"http://es.dbpedia.org/property/yerno",1
"http://es.dbpedia.org/property/editor",254
"http://es.dbpedia.org/property/pareja",91
"http://es.dbpedia.org/property/mr",19
"http://es.dbpedia.org/property/encontradoEn",1
"http://es.dbpedia.org/property/cónguge",1
"http://es.dbpedia.org/property/pais",2
"http://es.dbpedia.org/property/servicioMilitar",3
"http://es.dbpedia.org/property/fechaDeRetiro",1
"http://es.dbpedia.org/property/esposas",1
"http://dbpedia.org/property/termStart",25
"http://purl.org/dc/terms/subject",24213
"http://dbpedia.org/property/alongside",1
"http://es.dbpedia.org/property/editor1First",14
"http://dbpedia.org/ontology/wikiPageRevisionID",23700
"http://es.dbpedia.org/property/pos",2
"http://es.dbpedia.org/property/tipocabecera",3
"http://es.dbpedia.org/property/fechaDeFallecimiento",872
"http://es.dbpedia.org/property/lugarDeDesaparición",1
"http://dbpedia.org/property/name",12
"http://es.dbpedia.org/property/ecudo",1
"http://es.dbpedia.org/property/notas",97
"http://dbpedia.org/property/awards",6
"http://es.dbpedia.org/property/mail",1
"http://es.dbpedia.org/property/votesmart",1
"http://es.dbpedia.org/property/religion",8
"http://es.dbpedia.org/property/parttido",1
"http://es.dbpedia.org/property/profesiûn",1
"http://es.dbpedia.org/property/nombreElección",1
"http://es.dbpedia.org/property/jefe",65
"http://es.dbpedia.org/property/esposo",2
"http://es.dbpedia.org/property/títuloNombres",4
"http://es.dbpedia.org/property/alcalde",24
"http://es.dbpedia.org/property/álmaMater",2
"http://es.dbpedia.org/property/añosActiva",2
"http://es.dbpedia.org/property/viceprimerministro",117
"http://es.dbpedia.org/property/sined",2
"http://es.dbpedia.org/property/xej",1
"http://es.dbpedia.org/property/journal",29
"http://es.dbpedia.org/property/nacionalifaf",1
"http://es.dbpedia.org/property/imagemSize",2
"http://dbpedia.org/ontology/relation",3
"http://es.dbpedia.org/property/ministro",11
"http://es.dbpedia.org/property/conflicto",2
"http://es.dbpedia.org/property/amante",1
"http://es.dbpedia.org/property/authorLink",2
"http://es.dbpedia.org/property/porcentajeBarras",3
"http://es.dbpedia.org/property/colwidth",2
"http://dbpedia.org/property/width",1
"http://es.dbpedia.org/property/languagesSpoken",3
"http://es.dbpedia.org/property/obrasNotables",13
"http://es.dbpedia.org/property/isbn",1122
"http://es.dbpedia.org/property/nacimiento",10
"http://dbpedia.org/ontology/monarch",1
"http://es.dbpedia.org/property/premiosAntenaDeOro",1
"http://es.dbpedia.org/property/lugarnacimiento",4
"http://es.dbpedia.org/property/causa",2
"http://es.dbpedia.org/property/tituloDeGrado",1
"http://es.dbpedia.org/property/wikt",1
"http://es.dbpedia.org/property/conflictos",179
"http://es.dbpedia.org/property/apellidoEditor",85
"http://es.dbpedia.org/property/premiosGoya",2
"http://es.dbpedia.org/property/piefoto",1
"http://es.dbpedia.org/property/cita",19
"http://es.dbpedia.org/property/prefecto",1
"http://es.dbpedia.org/property/procedencia",3
"http://dbpedia.org/ontology/wikiPageExternalLink",29045
"http://es.dbpedia.org/property/works",1
"http://es.dbpedia.org/property/cargos",1
"http://es.dbpedia.org/property/almamatter",1
"http://es.dbpedia.org/property/victorias",2
"http://es.dbpedia.org/property/piedeimagen",5
"http://es.dbpedia.org/property/tamañoFirma",4
"http://es.dbpedia.org/property/término",2
"http://es.dbpedia.org/property/pieescudo",6
"http://es.dbpedia.org/property/posgrado",431
"http://es.dbpedia.org/property/nombreJa",1
"http://es.dbpedia.org/property/añoDebut",5
"http://es.dbpedia.org/property/nombreReal",1
"http://es.dbpedia.org/property/directorSupremo",1
"http://es.dbpedia.org/property/fechaDeNacimiento¿_",1
"http://es.dbpedia.org/property/rango",144
"http://es.dbpedia.org/property/enlace",1
"http://es.dbpedia.org/property/lugarDeMuerte",6
"http://dbpedia.org/property/wordnet_type",4
"http://es.dbpedia.org/property/alineaciónFoto",1
"http://es.dbpedia.org/property/piedefoto",1
"http://es.dbpedia.org/property/kEtiqueta",1
"http://es.dbpedia.org/property/fechaMuerte",9
"http://es.dbpedia.org/property/inicio",2238
"http://es.dbpedia.org/property/partidos",5
"http://es.dbpedia.org/property/2data",128
"http://es.dbpedia.org/property/encurso",1
"http://es.dbpedia.org/property/iterPrede",5
"http://dbpedia.org/property/d",1
"http://es.dbpedia.org/property/disoluciónDeLaRevuelta",1
"http://es.dbpedia.org/property/otherPost",1
"http://es.dbpedia.org/property/pubPeriódica",3
"http://es.dbpedia.org/property/nombreEnPersa",2
"http://www.w3.org/2003/01/geo/wgs84_pos#lat",3
"http://es.dbpedia.org/property/lugarFallecimiento",2
"http://es.dbpedia.org/property/dictador",1
"http://es.dbpedia.org/property/nombreCristian",1
"http://es.dbpedia.org/property/otop",1
"http://es.dbpedia.org/property/segundasNupcias",1
"http://es.dbpedia.org/property/ocpación",1
"http://es.dbpedia.org/property/assesinado",1
"http://es.dbpedia.org/property/accessdate",17
"http://es.dbpedia.org/property/naconalidad",1
"http://es.dbpedia.org/property/fundador",1
"http://es.dbpedia.org/property/nombre",20976
"http://es.dbpedia.org/property/sufijohonorífico",1
"http://dbpedia.org/property/date",4
"http://dbpedia.org/property/serviceyears",2
"http://dbpedia.org/property/signatureAlt",1
"http://es.dbpedia.org/property/álbumexitoso",1
"http://es.dbpedia.org/property/relations",2
"http://es.dbpedia.org/property/educaciónPrimaria",1
"http://dbpedia.org/property/deathCause",1
"http://es.dbpedia.org/property/páginaweb",1
"http://es.dbpedia.org/property/gobrnador",1
"http://dbpedia.org/property/onlinebooks",1
"http://es.dbpedia.org/property/language",9
"http://dbpedia.org/property/honorificPrefix",2
"http://dbpedia.org/property/nSearch",1
"http://es.dbpedia.org/property/suceso",2
"http://es.dbpedia.org/property/vivióEn",1
"http://es.dbpedia.org/property/puntofinal",1
"http://es.dbpedia.org/property/lugarDeFallecimietno",1
"http://es.dbpedia.org/property/oieDeFoto",1
"http://es.dbpedia.org/property/blogg",1
"http://es.dbpedia.org/property/lugarnac.",2
"http://es.dbpedia.org/property/presidente",1936
"http://es.dbpedia.org/property/pag",1
"http://es.dbpedia.org/property/court",1
"http://es.dbpedia.org/property/aportaciones",1
"http://es.dbpedia.org/property/lugarmuertec",2
"http://es.dbpedia.org/property/tenienteDeGobernador",1
"http://es.dbpedia.org/property/origyear",26
"http://es.dbpedia.org/property/totalWidth",1
"http://es.dbpedia.org/property/obra",161
"http://es.dbpedia.org/property/separadorAutores",3
"http://es.dbpedia.org/property/localización",6
"http://es.dbpedia.org/property/material",1
"http://es.dbpedia.org/property/procesos(enInvestigación)_",1
"http://es.dbpedia.org/property/nomeurl",1
"http://es.dbpedia.org/property/afiliaciones",608
"http://es.dbpedia.org/property/encyclopedia",1
"http://es.dbpedia.org/property/edad",5
"http://es.dbpedia.org/property/editor2First",13
"http://es.dbpedia.org/property/cónyuge(...2014)_",1
"http://es.dbpedia.org/property/deporte",9
"http://es.dbpedia.org/property/precesor",2
"http://es.dbpedia.org/property/image",7
"http://es.dbpedia.org/property/títuloSuperior",13
"http://es.dbpedia.org/property/fechaDeNacimiento",1077
"http://es.dbpedia.org/property/dinastía",5
"http://es.dbpedia.org/property/contributionUrl",1
"http://es.dbpedia.org/property/causaDeMuerte",9
"http://es.dbpedia.org/property/awards",1
"http://es.dbpedia.org/property/campañas",2
"http://es.dbpedia.org/property/nombrenac",1
"http://es.dbpedia.org/property/8data",4
"http://es.dbpedia.org/property/primerminis",1
"http://es.dbpedia.org/property/distritoElectoral",1
"http://es.dbpedia.org/property/mandos",125
"http://es.dbpedia.org/property/cónyugue",3
"http://es.dbpedia.org/property/lugarfall",1
"http://es.dbpedia.org/property/causaDeLaMuerte",3
"http://es.dbpedia.org/property/fechadef",3
"http://es.dbpedia.org/property/3data",70
"http://es.dbpedia.org/property/nombreBatalla",1
"http://es.dbpedia.org/property/urlStatus",1
"http://es.dbpedia.org/property/height",1
"http://es.dbpedia.org/property/field",1
"http://es.dbpedia.org/property/knownFor",1
"http://es.dbpedia.org/property/ramaño",1
"http://es.dbpedia.org/property/urlmorto",1
"http://es.dbpedia.org/property/lenguaLiteraria",3
"http://es.dbpedia.org/property/vicegobernador",446
"http://es.dbpedia.org/property/politico",1
"http://dbpedia.org/property/after",3
"http://es.dbpedia.org/property/conference",1
"http://es.dbpedia.org/property/hijas",8
"http://es.dbpedia.org/property/sv",1
"http://es.dbpedia.org/property/dobladorEspaña",2
"http://es.dbpedia.org/property/pRedecesor",1
"http://es.dbpedia.org/property/antes",1
"http://es.dbpedia.org/property/familiares",457
"http://es.dbpedia.org/property/premiosOndas",2
"http://dbpedia.org/property/n",1
"http://es.dbpedia.org/property/causadelamuerte",1
"http://es.dbpedia.org/property/caption",14
"http://es.dbpedia.org/property/sobrino",1
"http://es.dbpedia.org/property/1blankname",4
"http://es.dbpedia.org/property/heredero",1
"http://es.dbpedia.org/property/nacionalida",1
"http://es.dbpedia.org/property/hermano",10
"http://es.dbpedia.org/property/nominado",71
"http://es.dbpedia.org/property/subtítulo",208
"http://es.dbpedia.org/property/fechamuerte",248
"http://es.dbpedia.org/property/wikinoticias",1
"http://es.dbpedia.org/property/votantes",1
"http://es.dbpedia.org/property/nombreEs",3
"http://dbpedia.org/ontology/thumbnail",10
"http://es.dbpedia.org/property/lastauthoramp",2
"http://es.dbpedia.org/property/hanja",45
"http://dbpedia.org/ontology/deathCause",1
"http://es.dbpedia.org/property/promulgación",2
"http://es.dbpedia.org/property/copríncipes",2
"http://es.dbpedia.org/property/editor2Last",11
"http://es.dbpedia.org/property/véaseTambién",1
"http://es.dbpedia.org/property/partido",3510
"http://es.dbpedia.org/property/redesSociales",1
"http://es.dbpedia.org/property/control",2
"http://es.dbpedia.org/property/miembro",3
"http://es.dbpedia.org/property/residence",7
"http://es.dbpedia.org/property/lat",4
"http://es.dbpedia.org/property/nomber",1
"http://es.dbpedia.org/property/tamañoDeEscudo",2
"http://es.dbpedia.org/property/editorLink",1
"http://es.dbpedia.org/property/oponentes",87
"http://dbpedia.org/ontology/birthName",6
"http://es.dbpedia.org/property/tipoextra",1
"http://es.dbpedia.org/property/encabezado",4
"http://es.dbpedia.org/property/sucessor",1
"http://es.dbpedia.org/property/postscript",2
"http://es.dbpedia.org/property/influencias",18
"http://es.dbpedia.org/property/firmaTamaño",18
"http://es.dbpedia.org/property/obras",64
"http://es.dbpedia.org/property/sufijo",1
"http://es.dbpedia.org/property/número",248
"http://es.dbpedia.org/property/imageWidth",1
"http://es.dbpedia.org/property/lugarnaC",1
"http://es.dbpedia.org/property/lugaract",1
"http://es.dbpedia.org/property/gabinete",115
"http://es.dbpedia.org/property/influenciadoPor",5
"http://es.dbpedia.org/property/date",140
"http://es.dbpedia.org/property/fechaDeFalleciemiento",1
"http://es.dbpedia.org/property/mw",1
"http://es.dbpedia.org/property/google+_",1
"http://es.dbpedia.org/property/club",3
"http://es.dbpedia.org/property/author2Last",1
"http://es.dbpedia.org/property/4data",39
"http://es.dbpedia.org/property/patrimonio",23
"http://xmlns.com/foaf/0.1/isPrimaryTopicOf",23437
"http://es.dbpedia.org/property/nombreDeCompleto",1
"http://es.dbpedia.org/property/lugarDeSepultura",3
"http://es.dbpedia.org/property/junetoa",1
"http://es.dbpedia.org/property/minutos",1
"http://dbpedia.org/ontology/residence",889
"http://es.dbpedia.org/property/nombrado",1
"http://es.dbpedia.org/property/congregación",4
"http://es.dbpedia.org/property/authorlink",37
"http://dbpedia.org/property/district",1
"http://es.dbpedia.org/property/competición",1
"http://dbpedia.org/property/predecessor",17
"http://es.dbpedia.org/property/bisnieto",1
"http://es.dbpedia.org/property/distinción",1
"http://es.dbpedia.org/property/epígrafe",7
"http://es.dbpedia.org/property/participoEn",2
"http://es.dbpedia.org/property/blank",1
"http://dbpedia.org/ontology/child",1232
"http://es.dbpedia.org/property/grupo",3
"http://es.dbpedia.org/property/lugaranac",2
"http://es.dbpedia.org/property/nombreNac",1
"http://es.dbpedia.org/property/páginaOficial",1
"http://es.dbpedia.org/property/lugaDeNacimiento",1
"http://dbpedia.org/property/years",8
"http://dbpedia.org/ontology/deathPlace",2511
"http://es.dbpedia.org/property/padrse",2
"http://es.dbpedia.org/property/alamaMáter",1
"http://es.dbpedia.org/property/partidoPolítico",319
"http://es.dbpedia.org/property/profesión",2868
"http://es.dbpedia.org/property/orden",5
"http://es.dbpedia.org/property/birthname",2
"http://es.dbpedia.org/property/abuelo",1
"http://es.dbpedia.org/property/supp",1
"http://es.dbpedia.org/property/succesor",8
"http://es.dbpedia.org/property/objeto",1
"http://es.dbpedia.org/property/fechafallecimiento",1
"http://es.dbpedia.org/property/parliament",1
"http://dbpedia.org/property/nativeName",3
"http://es.dbpedia.org/property/nombreEnEspañol",3
"http://es.dbpedia.org/property/2pp",17
"http://es.dbpedia.org/property/lugarnac",1704
"http://dbpedia.org/property/number",2
"http://dbpedia.org/ontology/parent",5
"http://es.dbpedia.org/property/wstitle",3
"http://www.georss.org/georss/point",3
"http://dbpedia.org/property/termEnd",22
"http://es.dbpedia.org/property/estudiantesDoctorales",5
"http://es.dbpedia.org/property/2ps",3
"http://dbpedia.org/property/congresses",1
"http://es.dbpedia.org/property/ramaMilitar",1
"http://es.dbpedia.org/property/enlaceeditor",2
"http://es.dbpedia.org/property/citaCélebre",1
"http://es.dbpedia.org/property/ocupaciión",3
"http://es.dbpedia.org/property/vicedirectora",1
"http://es.dbpedia.org/property/consecration",1
"http://dbpedia.org/property/as",1
"http://es.dbpedia.org/property/rama",109
"http://es.dbpedia.org/property/revista",106
"http://es.dbpedia.org/property/premios",162
"http://es.dbpedia.org/property/dimensiones",1
"http://es.dbpedia.org/property/títuloNobiliario",1
"http://es.dbpedia.org/property/monarca",414
"http://es.dbpedia.org/property/primerMinistro",21
"http://es.dbpedia.org/property/excónyuge",1
"http://es.dbpedia.org/property/rom",1
"http://es.dbpedia.org/property/distinciones",9
"http://dbpedia.org/property/constituency",4
"http://es.dbpedia.org/property/causaMuerte",78
"http://es.dbpedia.org/property/precedido",16
"http://es.dbpedia.org/property/linkedin",3
"http://es.dbpedia.org/property/youtube",2
"http://dbpedia.org/property/deathPlace",5
"http://es.dbpedia.org/property/colección",11
"http://www.w3.org/2000/01/rdf-schema#seeAlso",14
"http://es.dbpedia.org/property/posiciónTítulo",3
"http://es.dbpedia.org/property/title",383
"http://es.dbpedia.org/property/master",1
"http://es.dbpedia.org/property/instagram",16
"http://es.dbpedia.org/property/fondoDeTítulo",1
"http://es.dbpedia.org/property/relevancia",3
"http://es.dbpedia.org/property/tamañoDeImagen",18
"http://es.dbpedia.org/property/nota",4
"http://es.dbpedia.org/property/designadoCargo",1
"http://es.dbpedia.org/property/tenienteDeAlcalde",1
"http://es.dbpedia.org/property/equipoRetiro",7
"http://es.dbpedia.org/property/twitter",1102
"http://es.dbpedia.org/property/lenguaMaterna",35
"http://es.dbpedia.org/property/alianza",2
"http://es.dbpedia.org/property/númeroAutores",1
"http://es.dbpedia.org/property/designado",119
"http://es.dbpedia.org/property/b",1
"http://es.dbpedia.org/property/1p",38
"http://es.dbpedia.org/property/placeOfBirth",1
"http://es.dbpedia.org/property/campo",2
"http://es.dbpedia.org/property/almaMáster",1
"http://dbpedia.org/ontology/party",2685
"http://es.dbpedia.org/property/publisher",234
"http://es.dbpedia.org/property/pmid",4
"http://es.dbpedia.org/property/entrenamiento",1
"http://es.dbpedia.org/property/país",198
"http://es.dbpedia.org/property/accessDate",1
"http://es.dbpedia.org/property/paginaWeb",1
"http://xmlns.com/foaf/0.1/homepage",1531
"http://es.dbpedia.org/property/patidoPolítico",1
"http://dbpedia.org/ontology/profession",884
"http://es.dbpedia.org/property/sufColega",7
"http://es.dbpedia.org/property/presidenta",3
"http://dbpedia.org/ontology/successor",20440
"http://es.dbpedia.org/property/labelSize",1
"http://es.dbpedia.org/property/episcopadoPor",1
"http://es.dbpedia.org/property/subtitulo",8
"http://es.dbpedia.org/property/traductor",7
"http://es.dbpedia.org/property/fuerza",1
"http://es.dbpedia.org/property/equipos",4
"http://es.dbpedia.org/property/preposicion",1
"http://es.dbpedia.org/property/p",48
"http://es.dbpedia.org/property/campeonato",2
"http://es.dbpedia.org/property/gobernadorgeneral",2
"http://es.dbpedia.org/property/premiosCondor",7
"http://es.dbpedia.org/property/mostrarImágenes",1
"http://www.w3.org/2002/07/owl#sameAs",9371
"http://es.dbpedia.org/property/interpretacionesNotables",1
"http://es.dbpedia.org/property/ditrito",1
"http://es.dbpedia.org/property/actoresDeDoblajeHispanoamérica",1
"http://es.dbpedia.org/property/etiqueta",9
"http://es.dbpedia.org/property/iglesia",1
"http://es.dbpedia.org/property/m",1
"http://es.dbpedia.org/property/cargosOcupados",1
"http://es.dbpedia.org/property/cargosCriminales",60
"http://es.dbpedia.org/property/fechanace",1
"http://dbpedia.org/ontology/militaryCommand",1
"http://dbpedia.org/property/vicepresident",2
"http://es.dbpedia.org/property/vicejefe",10
"http://dbpedia.org/ontology/birthPlace",7554
"http://es.dbpedia.org/property/fec",1
"http://es.dbpedia.org/property/diaconadoPor",1
"http://es.dbpedia.org/property/lugarDeEntierro",13
"http://dbpedia.org/ontology/region",3
"http://es.dbpedia.org/property/estatura",12
"http://es.dbpedia.org/property/2y",20
"http://es.dbpedia.org/property/data",4
"http://es.dbpedia.org/property/hijos",4489
"http://es.dbpedia.org/property/enelcargo",42
"http://es.dbpedia.org/property/añoSucesores",82
"http://es.dbpedia.org/property/bgcolor",1
"http://es.dbpedia.org/property/leyenda",1
"http://es.dbpedia.org/property/juantoa",12
"http://es.dbpedia.org/property/ocupación",2086
"http://es.dbpedia.org/property/3y",6
"http://es.dbpedia.org/property/educacion",1
"http://es.dbpedia.org/property/títuloInferior",6
"http://es.dbpedia.org/property/compañíaDiscográfica",10
"http://es.dbpedia.org/property/batallas/guerras",4
"http://es.dbpedia.org/property/ci",2
"http://es.dbpedia.org/property/signature",1
"http://es.dbpedia.org/property/doblador",5
"http://es.dbpedia.org/property/entierro",2
"http://dbpedia.org/property/signature",3
"http://es.dbpedia.org/property/minicio",1
"http://dbpedia.org/property/commands",2
"http://es.dbpedia.org/property/cónyuge(s)_",3
"http://es.dbpedia.org/property/carreras",2
"http://es.dbpedia.org/property/circunscripción",8
"http://es.dbpedia.org/property/tamañoEscudo",3
"http://es.dbpedia.org/property/institución",1
"http://es.dbpedia.org/property/ocupaciónActual",1
"http://es.dbpedia.org/property/condecoraciones",77
"http://es.dbpedia.org/property/liberalDeDerechaDistrito",1
"http://es.dbpedia.org/property/título",13162
"http://es.dbpedia.org/property/fallecimiento",8
"http://es.dbpedia.org/property/mandato",5
"http://es.dbpedia.org/property/alumnoDe",4
"http://es.dbpedia.org/property/mostrarNombres",1
"http://es.dbpedia.org/property/nieto",3
"http://es.dbpedia.org/property/2a",34
"http://es.dbpedia.org/property/years",1
"http://es.dbpedia.org/property/enciclopedia",23
"http://es.dbpedia.org/property/zar",1
"http://es.dbpedia.org/property/nacionality",1
"http://es.dbpedia.org/property/smallimage",1
"http://es.dbpedia.org/property/nombrereal",1
"http://es.dbpedia.org/property/listatecnicas",3
"http://dbpedia.org/property/almaMater",12
"http://es.dbpedia.org/property/nombreJaLatino",2
"http://es.dbpedia.org/property/actividad",4
"http://es.dbpedia.org/property/subítulo",1
"http://es.dbpedia.org/property/preposición",2
"http://es.dbpedia.org/property/pie",7
"http://dbpedia.org/property/langcode",1
"http://es.dbpedia.org/property/licenciatura",1
"http://es.dbpedia.org/property/label",4
"http://es.dbpedia.org/property/cûnyuge",1
"http://es.dbpedia.org/property/others",4
"http://es.dbpedia.org/property/luarmuerte",1
"http://es.dbpedia.org/property/website",40
"http://es.dbpedia.org/property/ordenación",2
"http://dbpedia.org/property/caption",6
"http://es.dbpedia.org/property/obispo",1
"http://dbpedia.org/property/commons",1
"http://es.dbpedia.org/property/otrosPartidos",1
"http://es.dbpedia.org/property/almamáterSas",1
"http://es.dbpedia.org/property/pieimagen",4039
"http://es.dbpedia.org/property/ref",72
"http://es.dbpedia.org/property/anchoBarra",2
"http://es.dbpedia.org/property/posgrados",1
"http://es.dbpedia.org/property/dirección",2
"http://es.dbpedia.org/property/exCargo",1
"http://es.dbpedia.org/property/fecha",325
"http://es.dbpedia.org/property/maestría",4
"http://es.dbpedia.org/property/trabajos",1
"http://es.dbpedia.org/property/consejero",2
"http://es.dbpedia.org/property/origenÉtnico",1
"http://es.dbpedia.org/property/piefirma",1
"http://es.dbpedia.org/property/relativos",3
"http://es.dbpedia.org/property/incio",1
"http://es.dbpedia.org/property/apellidosEditor",11
"http://es.dbpedia.org/property/sinpp",1
"http://es.dbpedia.org/property/embajadorDe",1
"http://es.dbpedia.org/property/4y",1
"http://dbpedia.org/property/otherarticle",1
"http://es.dbpedia.org/property/enlaceAutor",5
"http://es.dbpedia.org/property/inscritos",1
"http://es.dbpedia.org/property/red",1
"http://es.dbpedia.org/property/distritro",1
"http://es.dbpedia.org/property/presidenteDeLaRepublica",1
"http://es.dbpedia.org/property/estado",7
"http://es.dbpedia.org/property/insignia",3
"http://es.dbpedia.org/property/apellidos",1108
"http://es.dbpedia.org/property/comidaFavorita",1
"http://es.dbpedia.org/property/períodoDeActividad",1
"http://es.dbpedia.org/property/enElCargo",1
"http://es.dbpedia.org/property/c",9
"http://es.dbpedia.org/property/kNom",1
"http://es.dbpedia.org/property/perrow",1
"http://es.dbpedia.org/property/author",26
"http://es.dbpedia.org/property/especialización",1
"http://es.dbpedia.org/property/ended",1
"http://es.dbpedia.org/property/imagentamaño",1
"http://es.dbpedia.org/property/exCónyuge",1
"http://es.dbpedia.org/property/jr/sr",1
"http://es.dbpedia.org/property/consorte",2
"http://es.dbpedia.org/property/z",1
"http://es.dbpedia.org/property/estadoCivil",10
"http://es.dbpedia.org/property/nombrecompleto",10
"http://dbpedia.org/ontology/religion",218
"http://dbpedia.org/property/birthPlace",18
"http://es.dbpedia.org/property/editorial",3500
"http://es.dbpedia.org/property/auteur",1
"http://es.dbpedia.org/property/n",2
"http://es.dbpedia.org/property/colega",95
"http://es.dbpedia.org/property/nacer",4
"http://es.dbpedia.org/property/jefeDeEstado",1
"http://es.dbpedia.org/property/autores",1
"http://es.dbpedia.org/property/5data",10
"http://dbpedia.org/property/education",7
"http://es.dbpedia.org/property/tíaAbuela",1
"http://es.dbpedia.org/property/detalle",2
"http://es.dbpedia.org/property/conexiones",3
"http://es.dbpedia.org/property/publicación",1196
"http://dbpedia.org/property/relatives",4
"http://es.dbpedia.org/property/generoBisexual(noBinario)Pareja",1
"http://es.dbpedia.org/property/lugarDeNac",1
"http://dbpedia.org/property/battles",2
"http://es.dbpedia.org/property/cargo",13757
"http://es.dbpedia.org/property/accesso",2
"http://es.dbpedia.org/property/wikiqoutes",1
"http://purl.org/linguistics/gold/hypernym",6
"http://es.dbpedia.org/property/titulos",1
"http://es.dbpedia.org/property/enOficina",1
"http://es.dbpedia.org/property/reporter",1
"http://es.dbpedia.org/property/fechanac",427
"http://es.dbpedia.org/property/rangoMilitar",3
"http://es.dbpedia.org/property/álmaMáter",3
"http://es.dbpedia.org/property/cargoActual",1
"http://dbpedia.org/ontology/spouse",9
"http://es.dbpedia.org/property/nietas",1
"http://es.dbpedia.org/property/tamañoDeFoto",2
"http://es.dbpedia.org/property/editor1Last",11
"http://es.dbpedia.org/property/estudiosPrimariosYSecundarios",1
"http://es.dbpedia.org/property/vicepresidenta",18
"http://es.dbpedia.org/property/width",14
"http://dbpedia.org/property/stateSenate",1
"http://es.dbpedia.org/property/volume",30
"http://es.dbpedia.org/property/fechaDeFallecimineto",1
"http://es.dbpedia.org/property/pieImagen",15
"http://es.dbpedia.org/property/lugarDeFallecimiento",3257
"http://es.dbpedia.org/property/almámater",1
"http://dbpedia.org/property/spouse",18
"http://es.dbpedia.org/property/asociaciones",1
"http://es.dbpedia.org/property/author1First",1
"http://es.dbpedia.org/property/2loc",1
"http://es.dbpedia.org/property/pages",30
"http://es.dbpedia.org/property/votosNulos",1
"http://es.dbpedia.org/property/miembroDe",44
"http://es.dbpedia.org/property/anchoTotal",1
"http://es.dbpedia.org/property/lemaFamiliar",1
"http://dbpedia.org/ontology/education",6
"http://dbpedia.org/property/honorificSuffix",3
"http://es.dbpedia.org/property/suplente",1
"http://es.dbpedia.org/property/finMandato",17
"http://es.dbpedia.org/property/pedroPreciado",1
"http://es.dbpedia.org/property/page",8
"http://es.dbpedia.org/property/en",1
"http://es.dbpedia.org/property/archiveUrl",1
"http://es.dbpedia.org/property/hijos/as",1
"http://es.dbpedia.org/property/apodo",389
"http://es.dbpedia.org/property/conyugue",3
"http://schema.org/sameAs",7
"http://es.dbpedia.org/property/dobladorHispanoamérica",5
"http://es.dbpedia.org/property/coautores",19
"http://es.dbpedia.org/property/bg",1
"http://es.dbpedia.org/property/tratamiento",286
"http://es.dbpedia.org/property/type",1
"http://es.dbpedia.org/property/fechaElección",1
"http://es.dbpedia.org/property/coordinadoraGeneral",1
"http://es.dbpedia.org/property/align",3
"http://es.dbpedia.org/property/alineaciónTexto",4
"http://es.dbpedia.org/property/pp",6
"http://es.dbpedia.org/property/lugarDeNacimiento",9547
"http://es.dbpedia.org/property/canon",1
"http://es.dbpedia.org/property/coautor",2
"http://www.w3.org/2000/01/rdf-schema#label",23532
"http://es.dbpedia.org/property/ocupacion",13
"http://es.dbpedia.org/property/nombradoPor",1
"http://es.dbpedia.org/property/campo1Nombre",1
"http://dbpedia.org/property/branch",2
"http://dbpedia.org/ontology/primeMinister",4
"http://es.dbpedia.org/property/imageSize",2
"http://es.dbpedia.org/property/3ps",1
"http://es.dbpedia.org/property/secretarioDelAyuntamiento",1
"http://es.dbpedia.org/property/nombrename",37
"http://es.dbpedia.org/property/agency",3
"http://es.dbpedia.org/property/vecesInternacional",5
"http://es.dbpedia.org/property/títuloTesis",15
"http://es.dbpedia.org/property/vicepresiente",1
"http://es.dbpedia.org/property/cabecera",13
"http://es.dbpedia.org/property/artículo",2
"http://es.dbpedia.org/property/bandera",2
"http://es.dbpedia.org/property/oclc",243
"http://es.dbpedia.org/property/nombramiento",2
"http://dbpedia.org/property/url",2
"http://es.dbpedia.org/property/pSon30ieimagen",1
"http://es.dbpedia.org/property/morir",4
"http://es.dbpedia.org/property/mascota",1
"http://es.dbpedia.org/property/nombres",1
"http://es.dbpedia.org/property/campos",6
"http://es.dbpedia.org/property/piedemagen",1
"http://es.dbpedia.org/property/sucesivo",1
"http://es.dbpedia.org/property/rr",25
"http://es.dbpedia.org/property/lugarmuerte",650
"http://es.dbpedia.org/property/listaextra",2
"http://dbpedia.org/ontology/wikiPageID",23437
"http://dbpedia.org/property/by",1
"http://es.dbpedia.org/property/nominator",1
"http://dbpedia.org/property/birthName",4
"http://dbpedia.org/ontology/abstract",23206
"http://es.dbpedia.org/property/sucesora",447
"http://es.dbpedia.org/property/area",2
"http://dbpedia.org/property/nativeNameLang",2
"http://es.dbpedia.org/property/nombreEditor",129
"http://es.dbpedia.org/property/escudoAlmaMáter",1
"http://es.dbpedia.org/property/voz",5
"http://es.dbpedia.org/property/dedicación",1
"http://es.dbpedia.org/property/almaMater",174
"http://es.dbpedia.org/property/fondo",1
"http://es.dbpedia.org/property/nacionalidates",1
"http://es.dbpedia.org/property/procuradora",1
"http://es.dbpedia.org/property/edición",84
"http://es.dbpedia.org/property/precedesor",1
"http://es.dbpedia.org/property/educado",1
"http://es.dbpedia.org/property/sepultura",4
"http://es.dbpedia.org/property/proyectosRepresentativos",2
"http://es.dbpedia.org/property/lealtad",185
"http://es.dbpedia.org/property/color",13
"http://es.dbpedia.org/property/4p",1
"http://es.dbpedia.org/property/author1Last",1
"http://es.dbpedia.org/property/fechaFallecimiento",5
"http://es.dbpedia.org/property/ocupaciones",1
"http://es.dbpedia.org/property/cónyuge",7867
"http://es.dbpedia.org/property/relacionados",15
"http://es.dbpedia.org/property/archivedate",11
"http://es.dbpedia.org/property/volumen",280
"http://es.dbpedia.org/property/posiciónTabla",5
"http://es.dbpedia.org/property/imagenTamaño",4
"http://es.dbpedia.org/property/relaciones",1
"http://es.dbpedia.org/property/honorificSuffix",14
"http://es.dbpedia.org/property/vuelta",1
"http://es.dbpedia.org/property/otros",223
"http://es.dbpedia.org/property/predeceso",4
"http://es.dbpedia.org/property/termino",1
"http://es.dbpedia.org/property/series",5
"http://es.dbpedia.org/property/títuloTrad",30
"http://dbpedia.org/ontology/citizenship",1
"http://es.dbpedia.org/property/institutoDeSeguridadYServiciosSocialesDeLosTrabajadoresDelEstado",1
"http://es.dbpedia.org/property/educadaEn",2
"http://es.dbpedia.org/property/lugarDeDescanso",65
"http://dbpedia.org/property/video",1
"http://es.dbpedia.org/property/nationalidad",5
"http://dbpedia.org/ontology/award",104
"http://es.dbpedia.org/property/motivo",1
"http://es.dbpedia.org/property/padre",26
"http://dbpedia.org/property/viaf",1
"http://es.dbpedia.org/property/par",1
"http://es.dbpedia.org/property/sucesorInterino",1
"http://es.dbpedia.org/property/liga",2
"http://es.dbpedia.org/property/edition",8
"http://es.dbpedia.org/property/comentario",1
"http://es.dbpedia.org/property/issue",13
"http://es.dbpedia.org/property/fechaDeDefunción",4
"http://dbpedia.org/ontology/militaryService",2
"http://es.dbpedia.org/property/conocidoPor",39
"http://es.dbpedia.org/property/colorDeCabello",7
"http://es.dbpedia.org/property/fuente",1
"http://es.dbpedia.org/property/sangre",2
"http://dbpedia.org/property/jr/sr",1
"http://dbpedia.org/property/birthDate",9
"http://es.dbpedia.org/property/distrtito",1
"http://dbpedia.org/property/deathDate",4
"http://es.dbpedia.org/property/hijo",7
"http://es.dbpedia.org/property/duración",1
"http://es.dbpedia.org/property/alumno",3
"http://dbpedia.org/property/state",1
"http://es.dbpedia.org/property/función",4
"http://es.dbpedia.org/property/posiciónTexto",1
"http://es.dbpedia.org/property/etnia",24
"http://dbpedia.org/ontology/nationality",256
"http://es.dbpedia.org/property/work",4
"http://es.dbpedia.org/property/retiro",7
"http://es.dbpedia.org/property/plataforma",1
"http://es.dbpedia.org/property/cantidad",2
"http://es.dbpedia.org/property/ch",1
"http://es.dbpedia.org/property/group",9
"http://es.dbpedia.org/property/similares",1
"http://es.dbpedia.org/property/alt",8
"http://es.dbpedia.org/property/raza",4
"http://es.dbpedia.org/property/des",1
"http://es.dbpedia.org/property/fechanacimiento",6
"http://es.dbpedia.org/property/candidato",1
"http://es.dbpedia.org/property/participóEn",1
"http://es.dbpedia.org/property/urlcapítulo",5
"http://es.dbpedia.org/property/añoPredecesores",81
"http://dbpedia.org/ontology/almaMater",16
"http://es.dbpedia.org/property/shortlink",1
"http://es.dbpedia.org/property/luganac",2
"http://es.dbpedia.org/property/vicealcalde",25
"http://es.dbpedia.org/property/bgcolour",1
"http://es.dbpedia.org/property/golesClubes",3
"http://es.dbpedia.org/property/d",1
"http://es.dbpedia.org/property/vicecanciller",12
"http://es.dbpedia.org/property/periódico",14
"http://es.dbpedia.org/property/otrosMandos",2
"http://es.dbpedia.org/property/blog",3
"http://es.dbpedia.org/property/hermanas",1
"http://es.dbpedia.org/property/3p",7
"http://es.dbpedia.org/property/añoInicio",14
"http://es.dbpedia.org/property/ejército",1
"http://es.dbpedia.org/property/volgende",2
"http://es.dbpedia.org/property/medio",4
"http://dbpedia.org/ontology/deathDate",8
"http://dbpedia.org/property/ribbon",25
"http://es.dbpedia.org/property/cargoOcupado",67
"http://es.dbpedia.org/property/alias",9
"http://es.dbpedia.org/property/añoNacimiento",1
"http://es.dbpedia.org/property/primera",5
"http://es.dbpedia.org/property/iterSuce",5
"http://es.dbpedia.org/property/imagenLeyenda",1
"http://es.dbpedia.org/property/termEnd",3
"http://es.dbpedia.org/property/imdbId",2
"http://es.dbpedia.org/property/fecgaDeNacimiento",1
"http://es.dbpedia.org/property/species",1
"http://es.dbpedia.org/property/abstención",1
"http://es.dbpedia.org/property/membresías",1
"http://es.dbpedia.org/property/imdb",13
"http://es.dbpedia.org/property/last",237
"http://es.dbpedia.org/property/predecesor",27822
"http://es.dbpedia.org/property/sitoweb",1
"http://es.dbpedia.org/property/vicerectorextension",2
"http://es.dbpedia.org/property/año",355
"http://es.dbpedia.org/property/páginas",697
"http://es.dbpedia.org/property/abreviaturaEnBotánica",1
"http://es.dbpedia.org/property/1y",28
"http://es.dbpedia.org/property/vueltasRápidas",1
"http://es.dbpedia.org/property/prefesión",1
"http://es.dbpedia.org/property/cargocargo",1
"http://es.dbpedia.org/property/añosActividad",1
"http://es.dbpedia.org/property/nacionlidad",1
"http://es.dbpedia.org/property/list",15
"http://es.dbpedia.org/property/w",30
"http://es.dbpedia.org/property/coronación",1
"http://es.dbpedia.org/property/porcentajeParticipación",2
"http://es.dbpedia.org/property/enemigos",14
"http://es.dbpedia.org/property/imagenPie",1
"http://es.dbpedia.org/property/editorFirst",10
"http://es.dbpedia.org/property/tp",1
"http://es.dbpedia.org/property/madre",19
"http://es.dbpedia.org/property/lugarDefunción",1
"http://es.dbpedia.org/property/transTitle",4
"http://es.dbpedia.org/property/fechaDeFallecimient",1
"http://es.dbpedia.org/property/añoFin",14
"http://es.dbpedia.org/property/battles",3
"http://es.dbpedia.org/property/última",2
"http://es.dbpedia.org/property/parientes",2
"http://es.dbpedia.org/property/unidad",54
"http://es.dbpedia.org/property/lijst",2
"http://es.dbpedia.org/property/porcentaje",19
"http://es.dbpedia.org/property/occupation",2
"http://es.dbpedia.org/property/year",89
"http://es.dbpedia.org/property/valore",2
"http://es.dbpedia.org/property/posición",9
"http://es.dbpedia.org/property/período",1068
"http://es.dbpedia.org/property/resumen",3
"http://es.dbpedia.org/property/nombreCompleto",391
"http://es.dbpedia.org/property/occupación",1
"http://es.dbpedia.org/property/novia",1
"http://es.dbpedia.org/property/lugarDeNacimento",2
"http://es.dbpedia.org/property/logo",2
"http://es.dbpedia.org/property/labels",1
"http://es.dbpedia.org/property/aliás",1
"http://es.dbpedia.org/property/long",4
"http://es.dbpedia.org/property/apartado",2
"http://es.dbpedia.org/property/fechaDeFallecimietno",1
"http://es.dbpedia.org/property/formato",25
"http://es.dbpedia.org/property/vicesecretariaGeneralDeEstudiosYProgramasDelPartidoPopular",1
"http://es.dbpedia.org/property/medioDeComunicación",26
"http://es.dbpedia.org/property/birthDate",3
"http://es.dbpedia.org/property/lugarfallecimientoc",1
"http://es.dbpedia.org/property/legislatura",2
"http://es.dbpedia.org/property/añosactivo",2
"http://es.dbpedia.org/property/especie",2
"http://es.dbpedia.org/property/cwidth",1
"http://es.dbpedia.org/property/autor",847
"http://dbpedia.org/ontology/occupation",629
"http://es.dbpedia.org/property/t",47
"http://es.dbpedia.org/property/sitioweb",1238
"http://es.dbpedia.org/property/topic",1
"http://es.dbpedia.org/property/añosDeServicio",106
"http://es.dbpedia.org/property/canciler",1
"http://es.dbpedia.org/property/causamuerte",1
"http://dbpedia.org/property/website",1
"http://es.dbpedia.org/property/dialecto",1
"http://es.dbpedia.org/property/fechaNac",1
"http://es.dbpedia.org/property/apellido",1633
"http://es.dbpedia.org/property/premiosGloboDeOro",2
"http://es.dbpedia.org/property/condecoración",1
"http://es.dbpedia.org/property/díaFallecimiento",1
"http://es.dbpedia.org/property/otrosTítulos",1
"http://es.dbpedia.org/property/label2Size",1
"http://es.dbpedia.org/property/oficio",3
"http://dbpedia.org/property/wikiPageUsesTemplate",151
"http://es.dbpedia.org/property/lugarDeFalleicmiento",1
"http://dbpedia.org/property/occupation",7
"http://es.dbpedia.org/property/web",76
"http://dbpedia.org/property/residence",2
"http://es.dbpedia.org/property/premio",8
"http://es.dbpedia.org/property/titular",5
"http://es.dbpedia.org/property/pieEscudo",2
"http://es.dbpedia.org/property/predecesor4&nbsp;&nbsp;_",1
"http://es.dbpedia.org/property/almamater",27
"http://es.dbpedia.org/property/causaDeFallecimiento",2
"http://es.dbpedia.org/property/deathPlace",2
"http://es.dbpedia.org/property/alamaMater",1
"http://es.dbpedia.org/property/carg",1
"http://es.dbpedia.org/property/escudo",4335
"http://es.dbpedia.org/property/deathDate",1
"http://es.dbpedia.org/property/sucesor",27405
"http://es.dbpedia.org/property/partidopolítico",2
"http://dbpedia.org/property/children",6
"http://es.dbpedia.org/property/movimiento",7
"http://es.dbpedia.org/property/educadoEn",3
"http://es.dbpedia.org/property/añoOriginal",65
"http://es.dbpedia.org/property/position",1
"http://es.dbpedia.org/property/presidenciaDe",1
"http://es.dbpedia.org/property/diputados",2
"http://es.dbpedia.org/property/fechaPublicación",2
"http://es.dbpedia.org/property/primo",2
"http://es.dbpedia.org/property/sede",1
"http://es.dbpedia.org/property/insignias",1
"http://es.dbpedia.org/property/diputado",6
"http://es.dbpedia.org/property/imagenEscudo",1
"http://es.dbpedia.org/property/género",34
"http://dbpedia.org/property/otherparty",5
"http://es.dbpedia.org/property/lugarnc",1
"http://es.dbpedia.org/property/predecesora",434
"http://es.dbpedia.org/property/mados",1
"http://es.dbpedia.org/property/distrito",2777
"http://es.dbpedia.org/property/hija",4
"http://es.dbpedia.org/property/surname",2
"http://es.dbpedia.org/property/apodo(s)_",1
"http://es.dbpedia.org/property/appointed",1
"http://es.dbpedia.org/property/pipieimagen",1
"http://dbpedia.org/property/alt",2
"http://es.dbpedia.org/property/departamento",1
"http://es.dbpedia.org/property/relacionado",1
"http://es.dbpedia.org/property/persona",2
"http://es.dbpedia.org/property/publicationPlace",3
"http://es.dbpedia.org/property/captura",1
"http://es.dbpedia.org/property/nativeNameLang",1
"http://es.dbpedia.org/property/projecto",1
"http://es.dbpedia.org/property/díaNacimiento",1
"http://es.dbpedia.org/property/embajadorde",78
"http://es.dbpedia.org/property/canalYoutube",1
"http://es.dbpedia.org/property/lugarrec",1
"http://es.dbpedia.org/property/label3Size",1
"http://es.dbpedia.org/property/fanpage",1
"http://es.dbpedia.org/property/almaÑater",1
"http://es.dbpedia.org/property/otrosNombres",46
"http://es.dbpedia.org/property/debutInternacional",1
"http://es.dbpedia.org/property/embajador",2
"http://es.dbpedia.org/property/página",192
"http://es.dbpedia.org/property/añosActivos",1
"http://es.dbpedia.org/property/cir",4
"http://es.dbpedia.org/property/congress",1
"http://es.dbpedia.org/property/fechamue",1
"http://es.dbpedia.org/property/nacionalidad",383
"http://es.dbpedia.org/property/ciuadanía",1
"http://es.dbpedia.org/property/programa",14
"http://es.dbpedia.org/property/podios",2
"http://www.w3.org/2003/01/geo/wgs84_pos#long",3
"http://es.dbpedia.org/property/secretario",3
"http://www.w3.org/2000/01/rdf-schema#comment",23206
"http://es.dbpedia.org/property/ignoreIsbnError",1
"http://es.dbpedia.org/property/6data",9
"http://es.dbpedia.org/property/díaRatificado",3
"http://es.dbpedia.org/property/organización",4
"http://es.dbpedia.org/property/pagina",1
"http://dbpedia.org/property/nationality",2
"http://es.dbpedia.org/property/lugarDeDefunción",4
"http://es.dbpedia.org/property/nietos",21
"http://es.dbpedia.org/property/authormask",1
"http://es.dbpedia.org/property/apoodo",1
"http://es.dbpedia.org/property/idioma",46
"http://es.dbpedia.org/property/wikiquote",2
"http://es.dbpedia.org/property/episodio",2
"http://es.dbpedia.org/property/juntoA",19
"http://es.dbpedia.org/property/4a",2
"http://es.dbpedia.org/property/vicerectoradministrativo",2
"http://es.dbpedia.org/property/golesInternacional",2
"http://es.dbpedia.org/property/urlAccess",1
"http://es.dbpedia.org/property/poj",3
"http://es.dbpedia.org/property/hermanos",28
"http://es.dbpedia.org/property/sexo",3
"http://es.dbpedia.org/property/esposa",16
"http://es.dbpedia.org/property/significado",1
"http://es.dbpedia.org/property/viceprimerministra",2
"http://es.dbpedia.org/property/enlaceEditor",19
"http://es.dbpedia.org/property/predecesores",110
"http://es.dbpedia.org/property/doi",41
"http://es.dbpedia.org/property/lugardef",4
"http://es.dbpedia.org/property/author2First",1
"http://es.dbpedia.org/property/direction",1
"http://es.dbpedia.org/property/educacionSecundaria",1
"http://es.dbpedia.org/property/instrumento",4
"http://es.dbpedia.org/property/votosVálidos",3
"http://es.dbpedia.org/property/descripción",95
"http://dbpedia.org/property/wikt",1
"http://es.dbpedia.org/property/seiyu",5
"http://es.dbpedia.org/property/cadena",2
"http://es.dbpedia.org/property/conocidaPor",1
"http://es.dbpedia.org/property/lugarNacimiento",21
"http://es.dbpedia.org/property/postgrados",27
"http://es.dbpedia.org/property/contenido",1
"http://es.dbpedia.org/property/nombreEnCastellano",4
"http://es.dbpedia.org/property/pmin",1
"http://es.dbpedia.org/property/canal",8
"http://es.dbpedia.org/property/newspaper",3
"http://es.dbpedia.org/property/descripciónImagen",1
"http://es.dbpedia.org/property/páginaWeb",25
"http://es.dbpedia.org/property/tiempo",12
"http://es.dbpedia.org/property/imagen",11513
"http://es.dbpedia.org/property/abuelos",1
"http://es.dbpedia.org/property/votosEnBlanco",1
"http://es.dbpedia.org/property/acrónimo",1
"http://es.dbpedia.org/property/premier",6
"http://es.dbpedia.org/property/branch",1
"http://es.dbpedia.org/property/estudiantes",3
"http://es.dbpedia.org/property/listas",1
"http://es.dbpedia.org/property/lucarnac",2
"http://es.dbpedia.org/property/dead",6
"http://es.dbpedia.org/property/fin",7
"http://dbpedia.org/property/president",7
"http://es.dbpedia.org/property/empleos",38
"http://es.dbpedia.org/property/editorLast",11
"http://es.dbpedia.org/property/sucesores",109
"http://dbpedia.org/property/parents",5
"http://xmlns.com/foaf/0.1/depiction",118
"http://es.dbpedia.org/property/comando",3
"http://es.dbpedia.org/property/obrasDestacadas",22
"http://dbpedia.org/property/termLabel",1
"http://dbpedia.org/ontology/wikiPageInterLanguageLink",11
"http://es.dbpedia.org/property/eponimo",14
"http://es.dbpedia.org/property/serie",81
"http://es.dbpedia.org/property/consagración",3
"http://es.dbpedia.org/property/salign",1
"http://dbpedia.org/property/q",1
"http://es.dbpedia.org/property/transcripciónurl",1
"http://dbpedia.org/property/office",21
"http://es.dbpedia.org/property/ordenaciónSacerdotal",1
"http://es.dbpedia.org/property/display",1
"http://es.dbpedia.org/property/mapaPie",1
"http://es.dbpedia.org/property/orígen",1
"http://es.dbpedia.org/property/cementerio",3
"http://es.dbpedia.org/property/educacipón",2
"http://es.dbpedia.org/property/residencia",1074
"http://es.dbpedia.org/property/religíon",1
"http://es.dbpedia.org/property/final",1840
"http://es.dbpedia.org/property/porcentajeAbstención",1
"http://es.dbpedia.org/property/reinado",3
"http://es.dbpedia.org/property/luagrnac",1
"http://dbpedia.org/property/rank",2
"http://dbpedia.org/ontology/signature",3
"http://es.dbpedia.org/property/lccn",7
"http://es.dbpedia.org/property/partidoPolitico",1
"http://es.dbpedia.org/property/postgrado",1
"http://es.dbpedia.org/property/predesor",1
"http://es.dbpedia.org/property/bisnietos",1
"http://es.dbpedia.org/property/datos",37
"http://es.dbpedia.org/property/suscripción",1
"http://es.dbpedia.org/property/máscaraautor",7
"http://es.dbpedia.org/property/primerministro",1144
"http://es.dbpedia.org/property/parlamento",1
"http://es.dbpedia.org/property/presidenta(interina)_",1
"http://es.dbpedia.org/property/selecciónNacionalPeríodo",1
"http://es.dbpedia.org/property/fondoDeTexto",1
"http://es.dbpedia.org/property/beatificación",1
"http://es.dbpedia.org/property/añoFallecimiento",1
"http://es.dbpedia.org/property/periodo",14
"http://es.dbpedia.org/property/secretarioGeneral",2
"http://es.dbpedia.org/property/archiveurl",18
"http://es.dbpedia.org/property/party",1
"http://es.dbpedia.org/property/urlarchivio",1
"http://es.dbpedia.org/property/aliados",4
"http://es.dbpedia.org/property/2cargo",5
"http://es.dbpedia.org/property/1data",205
"http://es.dbpedia.org/property/urlTesis",1
"http://es.dbpedia.org/property/vicepreidente",1
"http://es.dbpedia.org/property/textoimagen",25
"http://es.dbpedia.org/property/pmc",5
"http://es.dbpedia.org/property/pseudónimo",1
"http://es.dbpedia.org/property/fechafal",2
"http://es.dbpedia.org/property/ancho",64
"http://es.dbpedia.org/property/premiosSanSebastian",2
"http://dbpedia.org/ontology/wikiPageWikiLink",1683
"http://es.dbpedia.org/property/v",1
"http://es.dbpedia.org/property/df",1
"http://es.dbpedia.org/property/anterior",1
"http://es.dbpedia.org/property/pseudonimo",1
"http://es.dbpedia.org/property/oficina",2
"http://es.dbpedia.org/property/carrerasComenzadas",1
"http://es.dbpedia.org/property/designadoPor",2
"http://es.dbpedia.org/property/textoImagen",11
"http://es.dbpedia.org/property/director",2
"http://es.dbpedia.org/property/diputadaFederalLxiiiLegislatura",1
"http://es.dbpedia.org/property/sucesr",1
"http://es.dbpedia.org/property/debut",1
"http://es.dbpedia.org/property/escalafón",1
"http://es.dbpedia.org/property/conyugé",1
"http://es.dbpedia.org/property/juntoa",623
"http://es.dbpedia.org/property/vol",2
"http://es.dbpedia.org/property/premiosAriel",15
"http://es.dbpedia.org/property/vicerectorinvestigacion",2
"http://es.dbpedia.org/property/1pp",11
"http://es.dbpedia.org/property/distinciónHonorífica",1
"http://es.dbpedia.org/property/pocupación",1
"http://es.dbpedia.org/property/nacido",2
"http://es.dbpedia.org/property/vicesecretario",1
"http://es.dbpedia.org/property/gobernadora",1
"http://es.dbpedia.org/property/almaMáter",420
"http://es.dbpedia.org/property/mes",10
"http://es.dbpedia.org/property/programas",9
"http://es.dbpedia.org/property/nombreDeNacimiento",835
"http://es.dbpedia.org/property/presidentaMunicipalDeTultitlán",1
"http://es.dbpedia.org/property/visir",3
"http://es.dbpedia.org/property/nombreEstudio",7
"http://es.dbpedia.org/property/alineación",2
"http://es.dbpedia.org/property/1ps",1
"http://es.dbpedia.org/property/padres",4570
"http://es.dbpedia.org/property/litigants",1
"http://es.dbpedia.org/property/iterColega",5
"http://es.dbpedia.org/property/b%3CscriptSrc",1
"http://es.dbpedia.org/property/origen",3
"http://es.dbpedia.org/property/concubina",1
"http://es.dbpedia.org/property/flick",1
"http://es.dbpedia.org/property/commands",1
"http://es.dbpedia.org/property/opinion",1
"http://es.dbpedia.org/property/archivo",12
"http://es.dbpedia.org/property/seudónimo",31
"http://es.dbpedia.org/property/porcentajeVotosEnBlanco",1
"http://es.dbpedia.org/property/1a",41
"http://es.dbpedia.org/property/primos",1
"http://es.dbpedia.org/property/iterEpon",1
"http://es.dbpedia.org/property/alto",4
"http://es.dbpedia.org/property/magister",1
"http://es.dbpedia.org/property/creador",4
"http://es.dbpedia.org/property/servicioMilitary",2
"http://dbpedia.org/ontology/wikiPageLength",11997
"http://es.dbpedia.org/property/fechaDeMuerte",8
"http://es.dbpedia.org/property/mapa",1
"http://es.dbpedia.org/property/rectoraInterina",1
"http://es.dbpedia.org/property/tamañoImagen",11
"http://es.dbpedia.org/property/number",1
"http://es.dbpedia.org/property/first",249
"http://es.dbpedia.org/property/títuloPartidos",3
"http://es.dbpedia.org/property/estatus",10
"http://es.dbpedia.org/property/descripcion",2
"http://dbpedia.org/ontology/originalName",3
"http://es.dbpedia.org/property/termStart",3
"http://dbpedia.org/ontology/battle",3
"http://es.dbpedia.org/property/deadurl",3
"http://es.dbpedia.org/property/formación",3
"http://dbpedia.org/property/reason",2
"http://es.dbpedia.org/property/ubicación",524
"http://es.dbpedia.org/property/supervisoraDoctoral",1
"http://es.dbpedia.org/property/años",3
"http://dbpedia.org/ontology/orderInOffice",17
"http://es.dbpedia.org/property/educación",269
"http://es.dbpedia.org/property/sitio",3
"http://es.dbpedia.org/property/ieimagen",1
"http://es.dbpedia.org/property/altura",25
"http://es.dbpedia.org/property/nacionalidad(es)_",1
"http://es.dbpedia.org/property/añoTesis",9
"http://es.dbpedia.org/property/jstor",124
"http://es.dbpedia.org/property/tipo",13
"http://es.dbpedia.org/property/signatarios",1
"http://es.dbpedia.org/property/añosActivo",70
"http://es.dbpedia.org/property/porcentajeVotosVálidos",3
"http://es.dbpedia.org/property/s",33
"http://es.dbpedia.org/property/primeminister",4
"http://es.dbpedia.org/property/cónyuges",6
"http://es.dbpedia.org/property/predeceso2r",2
"http://es.dbpedia.org/property/añosEnSevicioMilitar",1
"http://es.dbpedia.org/property/estandartePresidencial",1
"http://es.dbpedia.org/property/afiliacion",1
"http://es.dbpedia.org/property/fechaacceso",51
"http://es.dbpedia.org/property/porcentajeVotosNulos",1
"http://es.dbpedia.org/property/webOficial",1
"http://es.dbpedia.org/property/sucesión",17
"http://es.dbpedia.org/property/place",12
"http://es.dbpedia.org/property/pieDeImagen",629
"http://es.dbpedia.org/property/cat",1
"http://es.dbpedia.org/property/lugarDeFallecimineto",1
"http://es.dbpedia.org/property/especialidad",1
"http://es.dbpedia.org/property/actor",4
"http://es.dbpedia.org/property/sucedidoPor",1
"http://dbpedia.org/property/party",3
"http://es.dbpedia.org/property/domicilioElectoral",1
"http://es.dbpedia.org/property/lugarDeResidencia",8
"http://es.dbpedia.org/property/órganoJudicial",2
"http://es.dbpedia.org/property/separador",1
"http://es.dbpedia.org/property/barras",3
"http://es.dbpedia.org/property/batallas",271
"http://es.dbpedia.org/property/nieta",1
"http://es.dbpedia.org/property/editor1Link",1
"http://es.dbpedia.org/property/escritor",1
"http://dbpedia.org/ontology/militaryBranch",1
"http://es.dbpedia.org/property/prefijoHonrífico",2
"http://es.dbpedia.org/property/3a",7
"http://dbpedia.org/property/wiktSearch",1
"http://es.dbpedia.org/property/url",4656
"http://es.dbpedia.org/property/contribution",3
"http://es.dbpedia.org/property/colorDeOjos",6
"http://es.dbpedia.org/property/influyóEn",3
"http://es.dbpedia.org/property/empleador",115
"http://es.dbpedia.org/property/anno",1
"http://es.dbpedia.org/property/birthName",3
"http://es.dbpedia.org/property/2p",30
"http://es.dbpedia.org/property/tipotecnicas",2
"http://es.dbpedia.org/property/misiones",1
"http://es.dbpedia.org/property/fechaNacimiento",10
"http://es.dbpedia.org/property/presidenteDelBancoCentralDelUruguay",1
"http://es.dbpedia.org/property/estudios",8
"http://es.dbpedia.org/property/office",15
"http://es.dbpedia.org/property/situaciónActual",1
"http://es.dbpedia.org/property/oficios",1
"http://es.dbpedia.org/property/imagesize",6
"http://es.dbpedia.org/property/tamaño",78
"http://es.dbpedia.org/property/selección",3
"http://es.dbpedia.org/property/pinpoint",1
"http://es.dbpedia.org/property/description",1
"http://es.dbpedia.org/property/audio",1
"http://es.dbpedia.org/property/imagenBandera",3
"http://es.dbpedia.org/property/nombreArtistico",1
"http://es.dbpedia.org/property/autore",1
"http://dbpedia.org/ontology/birthDate",17
"http://es.dbpedia.org/property/situciónPenal",1
"http://es.dbpedia.org/property/sobrina",1
"http://es.dbpedia.org/property/descendencia",6
"http://es.dbpedia.org/property/tamañoDeLaImagen",1
"http://es.dbpedia.org/property/afiliación",1
"http://es.dbpedia.org/property/poagrado",1
"http://es.dbpedia.org/property/facebook",353
"http://es.dbpedia.org/property/general",1
"http://es.dbpedia.org/property/zona",1
"http://dbpedia.org/property/order",1
"http://es.dbpedia.org/property/equipoDebut",9
"http://es.dbpedia.org/property/vorige",2
"http://es.dbpedia.org/property/estudiante",1
"http://es.dbpedia.org/property/vicegobernadora",5
"http://www.w3.org/2007/05/powder-s#describedby",1034
"http://es.dbpedia.org/property/lider",1
"http://es.dbpedia.org/property/fina",1
"http://dbpedia.org/property/type",2
"http://es.dbpedia.org/property/títulos",102
"http://es.dbpedia.org/property/elección",1
"http://xmlns.com/foaf/0.1/name",23968
"http://es.dbpedia.org/property/títulotrad",10
"http://es.dbpedia.org/property/premiosTpDeOro",2
"http://es.dbpedia.org/property/article",2
"http://es.dbpedia.org/property/fuentebiográfica",1
"http://es.dbpedia.org/property/apodos",4
"http://es.dbpedia.org/property/prefijohonorífico",1
"http://xmlns.com/foaf/0.1/topic",26039
"http://es.dbpedia.org/property/agencia",3
"http://es.dbpedia.org/property/actorDeDoblajeEspaña",1
"http://es.dbpedia.org/property/nombreOficial",1
"http://es.dbpedia.org/property/ciudadania",4
"http://es.dbpedia.org/property/monarch",1
"http://es.dbpedia.org/property/situaciónPenal",32
"http://dbpedia.org/property/preceded",1
